{"cameraMode":{"drawMode":0,"name":"Shaded","section":"Shading Mode"},"sceneLighting":true,"audioPlay":false,"sceneViewState":{"m_AlwaysRefresh":false,"showFog":true,"showSkybox":true,"showFlares":true,"showImageEffects":true,"showParticleSystems":true,"showVisualEffectGraphs":true,"m_FxEnabled":true},"in2DMode":false,"pivot":{"x":-19.133407592773439,"y":16.47092056274414,"z":-30.382591247558595},"rotation":{"x":0.31708332896232607,"y":0.313184916973114,"z":-0.11180762946605683,"w":0.8881853222846985},"size":15.330886840820313,"orthographic":true}